US,Alabama
US,Alaska
US,Arizona
US,Arkansas
US,Armed Forces Americas
US,Armed Forces Europe
US,Armed Forces Pacific
US,California
US,Colorado
US,Connecticut
US,Delaware
US,Federated States of Micronesia
US,Florida
US,Georgia
US,Guam
US,Hawaii
US,Idaho
US,Illinois
US,Indiana
US,Iowa
US,Kansas
US,Kentucky
US,Louisiana
US,Maine
US,Marshall Islands
US,Maryland
US,Massachusetts
US,Michigan
US,Minnesota
US,Mississippi
US,Missouri
US,Montana
US,Nebraska
US,Nevada
US,New Hampshire
US,New Jersey
US,New Mexico
US,New York
US,North Carolina
US,North Dakota
US,Northern Mariana Islands
US,Ohio
US,Oklahoma
US,Oregon
US,Palau
US,Pennsylvania
US,Puerto Rico
US,Rhode Island
US,South Carolina
US,South Dakota
US,Tennessee
US,Texas
US,Utah
US,Vermont
US,Virginia
US,Washington
US,"Washington, District of Columbia"
US,West Virginia
US,Wisconsin
US,Wyoming
